xi,ti,hi,ui,zi
2500,0,3.2203674,1.5503864,97.5
2500,60,3.2209277,1.5501906,97.5
2500,120,3.2214847,1.5499923,97.5
2500,180,3.2220383,1.5497915,97.5
2500,240,3.2225885,1.5495887,97.5
2500,300,3.2231364,1.5493832,97.5
2500,360,3.223681,1.5491757,97.5
2500,420,3.2242227,1.5489658,97.5
2500,480,3.224762,1.548754,97.5
2500,540,3.2252975,1.5485404,97.5
2500,600,3.2258315,1.5483245,97.5
2500,660,3.2263622,1.5481068,97.5
2500,720,3.22689,1.5478867,97.5
2500,780,3.227416,1.5476657,97.5
2500,840,3.2279391,1.5474421,97.5
2500,900,3.2284603,1.5472171,97.5
2500,960,3.228979,1.5469902,97.5
2500,1020,3.2294955,1.546762,97.5
2500,1080,3.2300096,1.5465318,97.5
2500,1140,3.2305207,1.5463002,97.5
2500,1200,3.231031,1.5460672,97.5
2500,1260,3.2315383,1.5458326,97.5
2500,1320,3.2320433,1.5455964,97.5
2500,1380,3.2325473,1.545359,97.5
2500,1440,3.2330494,1.5451201,97.5
2500,1500,3.2335486,1.5448804,97.5
2500,1560,3.2340474,1.544639,97.5
2500,1620,3.2345433,1.5443963,97.5
2500,1680,3.2350378,1.5441525,97.5
2500,1740,3.2355304,1.5439073,97.5
2500,1800,3.2360215,1.5436614,97.5
2500,1860,3.2365108,1.5434145,97.5
2500,1920,3.236999,1.5431663,97.5
2500,1980,3.2374854,1.5429165,97.5
2500,2040,3.2379704,1.5426667,97.5
2500,2100,3.2384534,1.5424155,97.5
2500,2160,3.2389355,1.5421633,97.5
2500,2220,3.2394161,1.5419105,97.5
2500,2280,3.2398958,1.5416565,97.5
2500,2340,3.2403736,1.5414019,97.5
2500,2400,3.2408504,1.5411466,97.5
2500,2460,3.2413263,1.5408902,97.5
2500,2520,3.2418003,1.5406332,97.5
2500,2580,3.2422733,1.540376,97.5
2500,2640,3.242745,1.5401174,97.5
2500,2700,3.243216,1.5398586,97.5
2500,2760,3.2436862,1.539599,97.5
2500,2820,3.2441545,1.5393385,97.5
2500,2880,3.2446227,1.5390781,97.5
2500,2940,3.2450895,1.5388168,97.5
2500,3000,3.245555,1.538555,97.5
2500,3060,3.2460203,1.5382926,97.5
2500,3120,3.2464843,1.5380299,97.5
2500,3180,3.2469473,1.5377668,97.5
2500,3240,3.2474098,1.537503,97.5
2500,3300,3.247871,1.537239,97.5
2500,3360,3.248332,1.5369749,97.5
2500,3420,3.2487917,1.5367101,97.5
2500,3480,3.249251,1.5364448,97.5
2500,3540,3.2497096,1.5361797,97.5
2500,3600,3.250167,1.535914,97.5
2500,3660,3.2506237,1.535648,97.5
2500,3720,3.2510805,1.5353817,97.5
2500,3780,3.251536,1.5351151,97.5
2500,3840,3.2519917,1.5348485,97.5
2500,3900,3.2524462,1.5345817,97.5
2500,3960,3.2529001,1.5343149,97.5
2500,4020,3.2533536,1.5340475,97.5
2500,4080,3.253806,1.5337802,97.5
2500,4140,3.2542586,1.5335126,97.5
2500,4200,3.2547107,1.5332453,97.5
2500,4260,3.2551622,1.5329773,97.5
2500,4320,3.2556129,1.5327097,97.5
2500,4380,3.256064,1.5324416,97.5
2500,4440,3.2565136,1.532174,97.5
2500,4500,3.2569637,1.5319062,97.5
2500,4560,3.257413,1.5316381,97.5
2500,4620,3.257862,1.5313702,97.5
2500,4680,3.2583098,1.5311022,97.5
2500,4740,3.2587585,1.5308341,97.5
2500,4800,3.2592072,1.5305663,97.5
2500,4860,3.2596545,1.5302986,97.5
2500,4920,3.2601018,1.5300307,97.5
2500,4980,3.260548,1.5297629,97.5
2500,5040,3.2609944,1.5294954,97.5
2500,5100,3.2614412,1.5292277,97.5
2500,5160,3.2618876,1.5289602,97.5
2500,5220,3.2623334,1.5286931,97.5
2500,5280,3.2627788,1.5284255,97.5
2500,5340,3.2632246,1.5281587,97.5
2500,5400,3.2636704,1.5278919,97.5
2500,5460,3.2641153,1.5276251,97.5
2500,5520,3.2645602,1.5273583,97.5
2500,5580,3.2650042,1.5270919,97.5
2500,5640,3.265449,1.5268255,97.5
2500,5700,3.265893,1.5265594,97.5
2500,5760,3.2663374,1.5262936,97.5
2500,5820,3.2667818,1.5260278,97.5
2500,5880,3.2672257,1.5257624,97.5
2500,5940,3.2676697,1.5254972,97.5
2500,6000,3.2681136,1.5252321,97.5
2500,6060,3.268557,1.5249672,97.5
2500,6120,3.2690005,1.5247027,97.5
2500,6180,3.269444,1.5244384,97.5
2500,6240,3.2698874,1.5241745,97.5
2500,6300,3.2703304,1.5239108,97.5
2500,6360,3.270774,1.5236471,97.5
2500,6420,3.2712173,1.5233839,97.5
2500,6480,3.2716599,1.5231209,97.5
2500,6540,3.2721033,1.5228584,97.5
2500,6600,3.2725458,1.5225958,97.5
2500,6660,3.2729893,1.5223335,97.5
2500,6720,3.2734323,1.5220721,97.5
2500,6780,3.2738752,1.5218104,97.5
2500,6840,3.2743177,1.5215491,97.5
2500,6900,3.2747612,1.5212883,97.5
2500,6960,3.2752042,1.5210278,97.5
2500,7020,3.2756467,1.5207676,97.5
2500,7080,3.2760897,1.5205077,97.5
2500,7140,3.2765331,1.5202482,97.5
2500,7200,3.2769756,1.5199888,97.5
2500,7260,3.2774186,1.51973,97.5
2500,7320,3.277862,1.5194718,97.5
2500,7380,3.278305,1.5192133,97.5
2500,7440,3.278748,1.5189556,97.5
2500,7500,3.2791905,1.5186982,97.5
2500,7560,3.2796345,1.5184411,97.5
2500,7620,3.2800775,1.5181842,97.5
2500,7680,3.280521,1.5179279,97.5
2500,7740,3.280964,1.5176718,97.5
2500,7800,3.2814069,1.5174164,97.5
2500,7860,3.2818508,1.5171609,97.5
2500,7920,3.2822943,1.5169059,97.5
2500,7980,3.2827377,1.5166514,97.5
2500,8040,3.2831817,1.5163971,97.5
2500,8100,3.2836251,1.5161436,97.5
2500,8160,3.2840686,1.51589,97.5
2500,8220,3.284512,1.5156368,97.5
2500,8280,3.284957,1.5153844,97.5
2500,8340,3.2854004,1.5151322,97.5
2500,8400,3.2858448,1.5148802,97.5
2500,8460,3.2862878,1.5146285,97.5
2500,8520,3.2867327,1.5143776,97.5
2500,8580,3.287177,1.5141267,97.5
2500,8640,3.287622,1.5138762,97.5
2500,8700,3.2880664,1.5136265,97.5
2500,8760,3.2885103,1.5133768,97.5
2500,8820,3.2889552,1.5131278,97.5
2500,8880,3.2894006,1.5128788,97.5
2500,8940,3.2898455,1.5126306,97.5
2500,9000,3.2902904,1.5123826,97.5
2500,9060,3.2907352,1.5121349,97.5
2500,9120,3.2911806,1.5118878,97.5
2500,9180,3.291626,1.511641,97.5
2500,9240,3.2920713,1.5113944,97.5
2500,9300,3.2925167,1.5111483,97.5
2500,9360,3.292962,1.510903,97.5
2500,9420,3.2934084,1.5106575,97.5
2500,9480,3.2938542,1.5104126,97.5
2500,9540,3.2943,1.5101684,97.5
2500,9600,3.2947469,1.5099243,97.5
2500,9660,3.2951922,1.5096804,97.5
2500,9720,3.295639,1.509437,97.5
2500,9780,3.2960854,1.5091944,97.5
2500,9840,3.2965317,1.5089517,97.5
2500,9900,3.2969785,1.5087098,97.5
2500,9960,3.2974248,1.5084677,97.5
2500,10020,3.297872,1.5082266,97.5
2500,10080,3.2983189,1.5079858,97.5
2500,10140,3.2987657,1.507745,97.5
2500,10200,3.2992134,1.5075049,97.5
2500,10260,3.2996607,1.5072651,97.5
2500,10320,3.3001084,1.507026,97.5
2500,10380,3.3005557,1.5067868,97.5
2500,10440,3.301003,1.506548,97.5
2500,10500,3.3014522,1.5063101,97.5
2500,10560,3.3018994,1.5060722,97.5
2500,10620,3.3023472,1.5058343,97.5
2500,10680,3.302796,1.5055975,97.5
2500,10740,3.303244,1.5053607,97.5
2500,10800,3.3036923,1.5051242,97.5
2500,10860,3.3041415,1.5048884,97.5
2500,10920,3.3045893,1.5046526,97.5
2500,10980,3.3050385,1.5044178,97.5
2500,11040,3.3054872,1.5041827,97.5
2500,11100,3.3059359,1.5039482,97.5
2500,11160,3.306385,1.5037141,97.5
2500,11220,3.3068352,1.5034808,97.5
2500,11280,3.3072839,1.503247,97.5
2500,11340,3.307734,1.5030141,97.5
2500,11400,3.3081832,1.5027812,97.5
2500,11460,3.3086329,1.5025492,97.5
2500,11520,3.3090825,1.5023173,97.5
2500,11580,3.3095322,1.5020854,97.5
2500,11640,3.3099833,1.5018545,97.5
2500,11700,3.3104324,1.5016235,97.5
2500,11760,3.3108835,1.5013931,97.5
2500,11820,3.3113337,1.5011629,97.5
2500,11880,3.3117847,1.5009335,97.5
2500,11940,3.3122344,1.500704,97.5
2500,12000,3.3126855,1.5004748,97.5
2500,12060,3.3131366,1.5002459,97.5
2500,12120,3.3135867,1.5000174,97.5
2500,12180,3.3140388,1.4997897,97.5
2500,12240,3.3144898,1.4995619,97.5
2500,12300,3.314941,1.4993345,97.5
2500,12360,3.3153925,1.4991075,97.5
2500,12420,3.315844,1.4988807,97.5
2500,12480,3.3162956,1.4986544,97.5
2500,12540,3.3167472,1.4984285,97.5
2500,12600,3.3171988,1.4982029,97.5
2500,12660,3.3176513,1.4979774,97.5
2500,12720,3.3181038,1.4977522,97.5
2500,12780,3.3185554,1.4975277,97.5
2500,12840,3.3190079,1.4973031,97.5
2500,12900,3.3194604,1.4970793,97.5
2500,12960,3.3199124,1.4968554,97.5
2500,13020,3.320365,1.496632,97.5
2500,13080,3.320818,1.4964088,97.5
2500,13140,3.321271,1.496186,97.5
2500,13200,3.3217235,1.4959636,97.5
2500,13260,3.3221765,1.4957412,97.5
2500,13320,3.32263,1.4955196,97.5
2500,13380,3.323083,1.4952979,97.5
2500,13440,3.3235364,1.4950768,97.5
2500,13500,3.3239894,1.4948559,97.5
2500,13560,3.3244429,1.494635,97.5
2500,13620,3.3248968,1.4944148,97.5
2500,13680,3.3253508,1.4941947,97.5
2500,13740,3.3258042,1.4939749,97.5
2500,13800,3.3262582,1.4937557,97.5
2500,13860,3.3267121,1.4935366,97.5
2500,13920,3.3271656,1.4933176,97.5
2500,13980,3.3276196,1.4930991,97.5
2500,14040,3.328075,1.4928808,97.5
2500,14100,3.328529,1.4926627,97.5
2500,14160,3.3289828,1.4924446,97.5
2500,14220,3.3294377,1.4922276,97.5
2500,14280,3.3298922,1.4920105,97.5
2500,14340,3.330347,1.4917938,97.5
2500,14400,3.330802,1.4915769,97.5
2500,14460,3.3312569,1.4913608,97.5
2500,14520,3.3317118,1.4911444,97.5
2500,14580,3.3321667,1.4909284,97.5
2500,14640,3.332621,1.4907132,97.5
2500,14700,3.333077,1.490498,97.5
2500,14760,3.3335323,1.4902829,97.5
2500,14820,3.3339877,1.4900683,97.5
2500,14880,3.3344426,1.4898537,97.5
2500,14940,3.3348985,1.4896398,97.5
2500,15000,3.3353543,1.4894257,97.5
2500,15060,3.3358097,1.489212,97.5
2500,15120,3.336266,1.4889987,97.5
2500,15180,3.336721,1.4887855,97.5
2500,15240,3.3371773,1.4885724,97.5
2500,15300,3.3376331,1.4883597,97.5
2500,15360,3.3380895,1.4881474,97.5
2500,15420,3.3385458,1.4879352,97.5
2500,15480,3.3390026,1.4877234,97.5
2500,15540,3.3394585,1.4875118,97.5
2500,15600,3.3399148,1.4873002,97.5
2500,15660,3.3403711,1.487089,97.5
2500,15720,3.340827,1.4868779,97.5
2500,15780,3.3412843,1.4866673,97.5
2500,15840,3.3417406,1.4864569,97.5
2500,15900,3.342198,1.4862467,97.5
2500,15960,3.3426542,1.4860364,97.5
2500,16020,3.343111,1.4858266,97.5
2500,16080,3.3435683,1.4856173,97.5
2500,16140,3.3440247,1.4854077,97.5
2500,16200,3.3444815,1.4851985,97.5
2500,16260,3.3449392,1.4849898,97.5
2500,16320,3.3453965,1.4847811,97.5
2500,16380,3.3458538,1.4845728,97.5
2500,16440,3.3463106,1.4843644,97.5
2500,16500,3.3467684,1.4841564,97.5
2500,16560,3.3472252,1.4839487,97.5
2500,16620,3.347684,1.4837413,97.5
2500,16680,3.3481402,1.4835339,97.5
2500,16740,3.3485985,1.4833267,97.5
2500,16800,3.3490562,1.4831196,97.5
2500,16860,3.349513,1.4829131,97.5
2500,16920,3.3499713,1.4827063,97.5
2500,16980,3.3504295,1.4825002,97.5
2500,17040,3.3508873,1.4822941,97.5
2500,17100,3.3513455,1.4820882,97.5
2500,17160,3.3518038,1.4818823,97.5
2500,17220,3.352261,1.4816768,97.5
2500,17280,3.3527198,1.4814714,97.5
2500,17340,3.3531775,1.4812664,97.5
2500,17400,3.3536353,1.4810615,97.5
2500,17460,3.354094,1.480857,97.5
2500,17520,3.3545518,1.4806522,97.5
2500,17580,3.3550105,1.4804482,97.5
2500,17640,3.3554688,1.4802439,97.5
2500,17700,3.355928,1.48004,97.5
2500,17760,3.3563862,1.4798362,97.5
2500,17820,3.356845,1.4796327,97.5
2500,17880,3.3573031,1.479429,97.5
2500,17940,3.3577623,1.4792259,97.5
2500,18000,3.3582206,1.4790231,97.5
2500,18060,3.3586788,1.4788201,97.5
2500,18120,3.359138,1.4786175,97.5
2500,18180,3.3595972,1.4784149,97.5
2500,18240,3.3600554,1.4782128,97.5
2500,18300,3.3605146,1.4780107,97.5
2500,18360,3.3609738,1.477809,97.5
2500,18420,3.3614326,1.4776069,97.5
2500,18480,3.3618917,1.4774054,97.5
2500,18540,3.362351,1.4772037,97.5
2500,18600,3.3628101,1.4770027,97.5
2500,18660,3.3632689,1.4768018,97.5
2500,18720,3.363728,1.4766004,97.5
2500,18780,3.3641877,1.4763999,97.5
2500,18840,3.364647,1.4761994,97.5
2500,18900,3.3651066,1.475999,97.5
2500,18960,3.3655653,1.4757986,97.5
2500,19020,3.366025,1.4755987,97.5
2500,19080,3.3664842,1.4753988,97.5
2500,19140,3.3669434,1.4751986,97.5
2500,19200,3.3674035,1.4749993,97.5
2500,19260,3.3678627,1.4747998,97.5
2500,19320,3.3683228,1.4746006,97.5
2500,19380,3.3687816,1.4744014,97.5
2500,19440,3.3692422,1.4742025,97.5
2500,19500,3.369701,1.4740037,97.5
2500,19560,3.370161,1.4738048,97.5
2500,19620,3.3706207,1.4736062,97.5
2500,19680,3.37108,1.4734081,97.5
2500,19740,3.37154,1.47321,97.5
2500,19800,3.3719997,1.4730119,97.5
2500,19860,3.3724594,1.4728141,97.5
2500,19920,3.3729196,1.4726161,97.5
2500,19980,3.3733788,1.4724184,97.5
2500,20040,3.3738394,1.4722211,97.5
2500,20100,3.374299,1.4720235,97.5
2500,20160,3.3747592,1.4718268,97.5
2500,20220,3.3752193,1.4716295,97.5
2500,20280,3.375679,1.4714327,97.5
2500,20340,3.3761392,1.4712359,97.5
2500,20400,3.3765988,1.4710394,97.5
2500,20460,3.377059,1.4708425,97.5
2500,20520,3.3775196,1.4706463,97.5
2500,20580,3.3779788,1.4704502,97.5
2500,20640,3.37844,1.4702541,97.5
2500,20700,3.378899,1.4700583,97.5
2500,20760,3.3793597,1.4698626,97.5
2500,20820,3.3798199,1.469667,97.5
2500,20880,3.38028,1.4694716,97.5
2500,20940,3.3807402,1.469276,97.5
2500,21000,3.3812003,1.4690804,97.5
2500,21060,3.3816605,1.4688855,97.5
2500,21120,3.382121,1.4686908,97.5
2500,21180,3.3825817,1.4684957,97.5
2500,21240,3.3830419,1.4683009,97.5
2500,21300,3.3835025,1.4681063,97.5
2500,21360,3.3839622,1.4679121,97.5
2500,21420,3.3844228,1.4677175,97.5
2500,21480,3.3848825,1.4675235,97.5
2500,21540,3.385343,1.4673293,97.5
2500,21600,3.3858032,1.4671353,97.5
2500,21660,3.3862643,1.4669412,97.5
2500,21720,3.3867245,1.4667476,97.49886
2500,21780,3.3871846,1.4665542,97.497734
2500,21840,3.3876457,1.4663607,97.49716
2500,21900,3.3881054,1.4661674,97.4966
2500,21960,3.388566,1.4659741,97.49546
2500,22020,3.3890266,1.465781,97.49546
2500,22080,3.3894873,1.4655883,97.494896
2500,22140,3.389947,1.465395,97.49377
2500,22200,3.390408,1.4652025,97.493195
2500,22260,3.3908682,1.4650097,97.49263
2500,22320,3.3913293,1.4648173,97.49149
2500,22380,3.39179,1.4646246,97.49149
2500,22440,3.39225,1.4644326,97.49093
2500,22500,3.3927107,1.4642404,97.48979
2500,22560,3.3931708,1.4640484,97.48923
2500,22620,3.393631,1.4638563,97.48866
2500,22680,3.3940916,1.4636648,97.487526
2500,22740,3.3945522,1.4634727,97.487526
2500,22800,3.3950124,1.4632812,97.48696
2500,22860,3.395473,1.4630897,97.48639
2500,22920,3.395934,1.4628983,97.48526
2500,22980,3.3963943,1.4627072,97.484695
2500,23040,3.3968544,1.462516,97.48356
2500,23100,3.3973155,1.462325,97.482994
2500,23160,3.3977757,1.462134,97.482994
2500,23220,3.3982368,1.4619433,97.48242
2500,23280,3.3986974,1.4617525,97.48129
2500,23340,3.3991575,1.4615616,97.48072
2500,23400,3.3996177,1.4613711,97.47959
2500,23460,3.4000778,1.4611808,97.47902
2500,23520,3.4005384,1.4609905,97.47902
2500,23580,3.400999,1.4608003,97.478455
2500,23640,3.4014602,1.4606103,97.47732
2500,23700,3.4019203,1.4604204,97.47675
2500,23760,3.4023805,1.4602302,97.47619
2500,23820,3.402841,1.4600405,97.47505
2500,23880,3.4033012,1.4598509,97.47505
2500,23940,3.4037619,1.4596612,97.47449
2500,24000,3.4042225,1.4594721,97.47335
2500,24060,3.404683,1.4592823,97.472786
2500,24120,3.4051433,1.4590933,97.47222
2500,24180,3.4056044,1.458904,97.47222
2500,24240,3.4060645,1.4587152,97.471085
2500,24300,3.4065251,1.458526,97.47052
2500,24360,3.4069848,1.4583373,97.46938
2500,24420,3.4074454,1.4581484,97.46882
2500,24480,3.4079065,1.4579598,97.46825
2500,24540,3.4083662,1.4577711,97.46825
2500,24600,3.4088268,1.4575827,97.46712
2500,24660,3.409287,1.4573944,97.466545
2500,24720,3.409748,1.4572061,97.46598
2500,24780,3.4102077,1.457018,97.46484
2500,24840,3.410668,1.4568297,97.46428
2500,24900,3.411128,1.456642,97.46428
2500,24960,3.4115891,1.4564539,97.46315
2500,25020,3.4120488,1.4562659,97.46258
2500,25080,3.412509,1.4560786,97.46201
2500,25140,3.4129696,1.4558908,97.46088
2500,25200,3.4134293,1.4557031,97.46031
2500,25260,3.41389,1.4555157,97.459175
2500,25320,3.414351,1.4553283,97.459175
2500,25380,3.4148102,1.4551413,97.45861
2500,25440,3.4152703,1.4549541,97.458046
2500,25500,3.415731,1.454767,97.45691
2500,25560,3.416191,1.4545801,97.456345
2500,25620,3.4166512,1.454393,97.45577
2500,25680,3.4171114,1.4542063,97.45577
2500,25740,3.4175715,1.4540198,97.45464
2500,25800,3.4180312,1.4538327,97.45408
2500,25860,3.4184918,1.4536467,97.45294
2500,25920,3.4189515,1.4534597,97.45238
2500,25980,3.4194117,1.4532735,97.451805
2500,26040,3.4198713,1.4530872,97.451805
2500,26100,3.4203315,1.4529012,97.450676
2500,26160,3.4207911,1.4527152,97.4501
2500,26220,3.4212508,1.4525292,97.448975
2500,26280,3.421711,1.4523427,97.4484
2500,26340,3.4221706,1.4521571,97.44784
2500,26400,3.4226308,1.4519713,97.44784
2500,26460,3.423091,1.4517858,97.4467
2500,26520,3.423551,1.4516004,97.44614
2500,26580,3.4240108,1.4514147,97.445
2500,26640,3.42447,1.4512296,97.444435
2500,26700,3.42493,1.4510442,97.44387
2500,26760,3.4253898,1.4508586,97.44273
2500,26820,3.4258494,1.4506738,97.44273
2500,26880,3.4263086,1.4504884,97.44217
2500,26940,3.4267697,1.4503037,97.441605
2500,27000,3.427229,1.4501188,97.44047
2500,27060,3.4276881,1.4499339,97.4399
2500,27120,3.4281473,1.4497491,97.43877
2500,27180,3.428607,1.4495645,97.43877
2500,27240,3.4290667,1.4493799,97.4382
2500,27300,3.4295263,1.4491954,97.43763
2500,27360,3.4299855,1.4490111,97.4365
2500,27420,3.4304452,1.4488266,97.43593
2500,27480,3.4309053,1.4486426,97.4348
2500,27540,3.431364,1.4484581,97.4348
2500,27600,3.4318237,1.4482738,97.43423
2500,27660,3.432283,1.4480902,97.43366
2500,27720,3.4327426,1.4479061,97.43253
2500,27780,3.4332018,1.4477223,97.43196
2500,27840,3.433661,1.4475385,97.4314
2500,27900,3.4341202,1.4473546,97.4314
2500,27960,3.4345794,1.4471711,97.43026
2500,28020,3.435039,1.4469873,97.429695
2500,28080,3.4354968,1.4468042,97.42856
2500,28140,3.435957,1.4466207,97.42799
2500,28200,3.4364161,1.4464372,97.42743
2500,28260,3.4368753,1.446254,97.42629
2500,28320,3.437334,1.4460709,97.42629
2500,28380,3.4377933,1.4458877,97.42573
2500,28440,3.438252,1.4457046,97.425156
2500,28500,3.4387112,1.445522,97.42403
2500,28560,3.4391708,1.445339,97.42346
2500,28620,3.4396286,1.4451562,97.422325
2500,28680,3.4400878,1.4449733,97.422325
2500,28740,3.4405465,1.4447906,97.42176
2500,28800,3.4410057,1.4446082,97.42119
2500,28860,3.441464,1.4444256,97.42006
2500,28920,3.4419231,1.4442432,97.41949
2500,28980,3.4423814,1.4440606,97.41836
2500,29040,3.4428406,1.4438785,97.41836
2500,29100,3.4432993,1.4436961,97.417786
2500,29160,3.4437575,1.443514,97.41722
2500,29220,3.4442167,1.443332,97.416084
2500,29280,3.4446754,1.44315,97.41552
2500,29340,3.4451332,1.4429681,97.41438
2500,29400,3.4455914,1.4427861,97.41382
2500,29460,3.4460506,1.4426041,97.41382
2500,29520,3.4465084,1.4424225,97.41325
2500,29580,3.4469671,1.4422408,97.41212
2500,29640,3.447425,1.4420593,97.41155
2500,29700,3.447884,1.4418774,97.410416
2500,29760,3.4483418,1.4416964,97.40985
2500,29820,3.4488,1.4415148,97.40985
2500,29880,3.4492588,1.4413337,97.40929
2500,29940,3.449717,1.4411522,97.40815
2500,30000,3.4501748,1.440971,97.407585
2500,30060,3.450633,1.4407899,97.40701
2500,30120,3.4510913,1.4406087,97.40588
2500,30180,3.4515495,1.4404278,97.40588
2500,30240,3.4520068,1.440247,97.40531
2500,30300,3.4524646,1.440066,97.40418
2500,30360,3.4529223,1.4398851,97.40361
2500,30420,3.4533806,1.4397044,97.403046
2500,30480,3.4538383,1.4395236,97.40192
2500,30540,3.454296,1.4393432,97.40192
2500,30600,3.4547539,1.4391625,97.401344
2500,30660,3.455212,1.4389821,97.40078
2500,30720,3.4556699,1.4388015,97.39964
2500,30780,3.4561272,1.4386213,97.39908
2500,30840,3.456585,1.4384413,97.39794
2500,30900,3.4570427,1.4382607,97.39738
2500,30960,3.4575,1.4380805,97.39738
2500,31020,3.4579577,1.4379004,97.39681
2500,31080,3.458416,1.4377203,97.395676
2500,31140,3.4588728,1.4375403,97.39511
2500,31200,3.4593306,1.4373603,97.393974
2500,31260,3.4597874,1.4371806,97.39341
2500,31320,3.4602451,1.4370008,97.39341
2500,31380,3.4607024,1.436821,97.392845
2500,31440,3.4611602,1.4366413,97.39171
2500,31500,3.4616175,1.4364614,97.39114
2500,31560,3.4620743,1.4362818,97.39001
2500,31620,3.462532,1.4361025,97.38944
2500,31680,3.4629889,1.435923,97.38944
2500,31740,3.4634452,1.4357436,97.38887
2500,31800,3.463903,1.4355642,97.38774
2500,31860,3.4643598,1.4353849,97.38717
2500,31920,3.4648166,1.4352058,97.38604
2500,31980,3.4652739,1.4350265,97.38547
2500,32040,3.4657311,1.4348475,97.38547
2500,32100,3.466188,1.4346684,97.3849
2500,32160,3.4666443,1.4344895,97.383766
2500,32220,3.4671006,1.4343103,97.3832
2500,32280,3.4675584,1.4341313,97.38264
2500,32340,3.4680152,1.4339523,97.3815
2500,32400,3.468472,1.4337738,97.380936
2500,32460,3.4689288,1.433595,97.380936
2500,32520,3.4693851,1.4334161,97.3798
2500,32580,3.4698415,1.4332376,97.379234
2500,32640,3.4702992,1.433059,97.37867
2500,32700,3.4707556,1.4328803,97.37753
2500,32760,3.4712114,1.4327018,97.37697
2500,32820,3.4716682,1.4325235,97.37697
2500,32880,3.472125,1.4323452,97.376396
2500,32940,3.472581,1.4321663,97.37527
2500,33000,3.4730372,1.4319885,97.374695
2500,33060,3.4734936,1.4318103,97.373566
2500,33120,3.47395,1.4316318,97.37299
2500,33180,3.4744062,1.4314536,97.37299
2500,33240,3.474862,1.4312756,97.37243
2500,33300,3.4753184,1.4310977,97.3713
2500,33360,3.4757743,1.4309195,97.37073
2500,33420,3.476231,1.4307417,97.3696
2500,33480,3.4766865,1.4305639,97.369026
2500,33540,3.4771428,1.430386,97.369026
2500,33600,3.4775996,1.430208,97.36846
2500,33660,3.478055,1.4300303,97.367325
2500,33720,3.4785113,1.4298527,97.36676
2500,33780,3.4789667,1.429675,97.36562
2500,33840,3.479423,1.4294972,97.36506
2500,33900,3.4798794,1.4293201,97.364494
2500,33960,3.4803348,1.4291425,97.364494
2500,34020,3.4807901,1.4289646,97.36336
2500,34080,3.481246,1.4287872,97.36279
2500,34140,3.4817019,1.4286098,97.36223
2500,34200,3.4821577,1.4284326,97.36109
2500,34260,3.482613,1.4282552,97.36053
2500,34320,3.483069,1.428078,97.36053
2500,34380,3.4835243,1.4279008,97.35939
2500,34440,3.4839807,1.4277234,97.358826
2500,34500,3.4844356,1.4275464,97.35825
2500,34560,3.4848914,1.4273691,97.357124
2500,34620,3.4853463,1.4271922,97.35655
2500,34680,3.4858022,1.427015,97.35655
2500,34740,3.486258,1.4268384,97.35599
2500,34800,3.486713,1.4266613,97.35485
2500,34860,3.4871683,1.4264841,97.35429
2500,34920,3.4876242,1.4263076,97.35315
2500,34980,3.4880786,1.4261303,97.352585
2500,35040,3.4885345,1.4259537,97.35202
2500,35100,3.4889898,1.4257772,97.35202
2500,35160,3.4894443,1.4256003,97.35088
2500,35220,3.4898996,1.4254236,97.35032
2500,35280,3.4903545,1.4252471,97.34918
2500,35340,3.4908104,1.4250704,97.34862
2500,35400,3.4912653,1.424894,97.34805
2500,35460,3.4917207,1.4247173,97.34805
2500,35520,3.4921756,1.4245409,97.34692
2500,35580,3.4926305,1.4243641,97.34635
2500,35640,3.4930854,1.4241874,97.345215
2500,35700,3.4935403,1.4240116,97.34465
2500,35760,3.4939961,1.4238352,97.34408
2500,35820,3.49445,1.4236588,97.34408
2500,35880,3.4949055,1.4234824,97.34295
2500,35940,3.49536,1.4233062,97.34238
2500,36000,3.4958148,1.4231297,97.34181
2500,36060,3.4962702,1.4229538,97.34068
2500,36120,3.4967246,1.4227775,97.34011
2500,36180,3.49718,1.4226015,97.34011
2500,36240,3.4976344,1.4224252,97.33898
2500,36300,3.4980898,1.422249,97.33841
2500,36360,3.4985442,1.422073,97.337845
2500,36420,3.4989986,1.4218972,97.33671
2500,36480,3.4994535,1.4217209,97.33614
2500,36540,3.499908,1.421545,97.33501
2500,36600,3.5003633,1.4213694,97.33501
2500,36660,3.5008163,1.4211935,97.33444
2500,36720,3.5012722,1.4210172,97.33388
2500,36780,3.5017262,1.4208416,97.33274
2500,36840,3.5021806,1.4206656,97.33218
2500,36900,3.5026355,1.4204899,97.33161
2500,36960,3.50309,1.4203142,97.33161
2500,37020,3.5035448,1.4201384,97.330475
2500,37080,3.5039988,1.4199626,97.32991
2500,37140,3.5044527,1.4197867,97.32877
2500,37200,3.5049071,1.419611,97.32821
2500,37260,3.505362,1.4194354,97.32764
2500,37320,3.505816,1.41926,97.32764
2500,37380,3.5062704,1.4190845,97.32651
2500,37440,3.5067253,1.4189086,97.325935
2500,37500,3.5071793,1.418733,97.32481
2500,37560,3.5076342,1.4185578,97.324234
2500,37620,3.5080876,1.4183819,97.32367
2500,37680,3.508542,1.4182067,97.32367
2500,37740,3.508997,1.4180309,97.32253
2500,37800,3.5094514,1.4178555,97.32197
2500,37860,3.5099053,1.41768,97.32084
2500,37920,3.5103593,1.417505,97.32027
2500,37980,3.5108137,1.4173291,97.3197
2500,38040,3.5112677,1.417154,97.318565
2500,38100,3.511722,1.4169785,97.318565
2500,38160,3.5121756,1.4168034,97.318
2500,38220,3.51263,1.4166279,97.31744
2500,38280,3.513085,1.4164523,97.3163
2500,38340,3.5135388,1.4162769,97.315735
2500,38400,3.5139928,1.4161018,97.3146
2500,38460,3.5144463,1.4159266,97.3146
2500,38520,3.5149002,1.4157513,97.31403
2500,38580,3.515355,1.4155761,97.31346
2500,38640,3.515809,1.4154009,97.31233
2500,38700,3.516263,1.4152256,97.31176
2500,38760,3.5167174,1.4150504,97.31063
2500,38820,3.517171,1.4148749,97.31063
2500,38880,3.5176253,1.4146998,97.31007
2500,38940,3.5180798,1.4145248,97.309494
2500,39000,3.5185332,1.4143497,97.308365
2500,39060,3.5189877,1.4141747,97.30779
2500,39120,3.5194411,1.4139993,97.30723
2500,39180,3.5198956,1.4138241,97.30723
2500,39240,3.5203495,1.4136491,97.30609
2500,39300,3.5208035,1.413474,97.30553
2500,39360,3.5212574,1.413299,97.30439
2500,39420,3.5217118,1.4131236,97.303825
2500,39480,3.5221658,1.4129487,97.30326
2500,39540,3.5226202,1.4127735,97.302124
2500,39600,3.5230737,1.4125984,97.302124
2500,39660,3.523528,1.4124235,97.30156
2500,39720,3.5239825,1.4122484,97.300995
2500,39780,3.524436,1.4120733,97.29986
2500,39840,3.52489,1.4118983,97.29929
2500,39900,3.525344,1.4117233,97.29816
2500,39960,3.5257978,1.4115483,97.29816
2500,40020,3.5262513,1.4113733,97.29759
2500,40080,3.5267057,1.4111981,97.296455
2500,40140,3.5271602,1.4110229,97.29589
2500,40200,3.5276146,1.4108477,97.29532
2500,40260,3.528068,1.4106728,97.29419
2500,40320,3.528523,1.410498,97.29419
2500,40380,3.528976,1.4103229,97.29362
2500,40440,3.52943,1.4101479,97.29305
2500,40500,3.5298834,1.4099731,97.291916
2500,40560,3.5303383,1.409798,97.29135
2500,40620,3.5307927,1.409623,97.29022
2500,40680,3.5312471,1.4094478,97.28965
2500,40740,3.5317006,1.409273,97.28965
2500,40800,3.5321555,1.409098,97.289085
2500,40860,3.5326095,1.4089227,97.28795
2500,40920,3.533063,1.408748,97.287384
2500,40980,3.5335174,1.4085728,97.28625
2500,41040,3.5339718,1.4083979,97.28568
2500,41100,3.5344253,1.4082228,97.28568
2500,41160,3.5348797,1.4080479,97.28512
2500,41220,3.535334,1.4078727,97.28398
2500,41280,3.535788,1.4076976,97.28342
2500,41340,3.5362425,1.4075226,97.282845
2500,41400,3.5366964,1.4073477,97.281715
2500,41460,3.5371509,1.4071727,97.281715
2500,41520,3.5376053,1.4069976,97.28114
2500,41580,3.5380592,1.4068224,97.280014
2500,41640,3.5385137,1.4066474,97.27945
2500,41700,3.5389676,1.4064722,97.27888
2500,41760,3.5394225,1.4062972,97.27775
2500,41820,3.539877,1.406122,97.27775
2500,41880,3.5403318,1.405947,97.277176
2500,41940,3.5407858,1.405772,97.27605
2500,42000,3.5412397,1.4055966,97.275475
2500,42060,3.5416942,1.4054217,97.27491
2500,42120,3.5421486,1.4052465,97.27377
2500,42180,3.542603,1.4050714,97.27321
2500,42240,3.543057,1.4048961,97.27321
2500,42300,3.5435123,1.4047209,97.27207
2500,42360,3.5439672,1.4045457,97.27151
2500,42420,3.5444212,1.4043705,97.27094
2500,42480,3.5448756,1.4041953,97.269806
2500,42540,3.5453305,1.40402,97.26924
2500,42600,3.5457854,1.4038446,97.26924
2500,42660,3.5462399,1.4036696,97.26868
2500,42720,3.5466948,1.4034945,97.26754
2500,42780,3.5471492,1.4033188,97.266975
2500,42840,3.547604,1.4031439,97.26584
2500,42900,3.548058,1.4029685,97.265274
2500,42960,3.5485134,1.4027932,97.265274
2500,43020,3.5489683,1.4026176,97.2647
2500,43080,3.5494242,1.4024425,97.26357
2500,43140,3.549879,1.402267,97.263
2500,43200,3.5503335,1.4020916,97.262436
2500,43260,3.5507884,1.4019161,97.2613
2500,43320,3.5512433,1.4017408,97.2613
2500,43380,3.5516987,1.4015653,97.260735
2500,43440,3.5521536,1.40139,97.259605
2500,43500,3.5526085,1.4012142,97.25903
2500,43560,3.5530648,1.4010389,97.25847
2500,43620,3.5535192,1.4008633,97.25733
2500,43680,3.5539737,1.4006873,97.25677
2500,43740,3.5544295,1.4005123,97.25677
2500,43800,3.5548854,1.4003366,97.25563
2500,43860,3.5553398,1.4001609,97.255066
2500,43920,3.5557952,1.3999851,97.2545
2500,43980,3.556251,1.3998097,97.253365
2500,44040,3.5567074,1.3996336,97.2528
2500,44100,3.5571623,1.399458,97.2528
2500,44160,3.5576177,1.3992825,97.25223
2500,44220,3.5580735,1.3991066,97.2511
2500,44280,3.558529,1.3989307,97.25053
2500,44340,3.5589848,1.398755,97.2494
2500,44400,3.5594406,1.3985792,97.24883
2500,44460,3.5598955,1.3984035,97.24883
2500,44520,3.5603528,1.3982273,97.247696
2500,44580,3.5608077,1.3980515,97.24713
2500,44640,3.5612645,1.3978755,97.24656
2500,44700,3.56172,1.3976995,97.24543
2500,44760,3.5621758,1.3975235,97.24486
2500,44820,3.562632,1.3973479,97.24486
2500,44880,3.5630884,1.3971715,97.24429
2500,44940,3.5635448,1.3969952,97.24316
2500,45000,3.5640016,1.3968194,97.24259
2500,45060,3.5644565,1.3966433,97.241455
2500,45120,3.5649133,1.3964669,97.24089
2500,45180,3.5653696,1.3962909,97.240326
2500,45240,3.5658264,1.3961146,97.240326
2500,45300,3.5662832,1.3959383,97.23919
2500,45360,3.5667396,1.3957618,97.238625
2500,45420,3.567196,1.3955854,97.23806
2500,45480,3.5676522,1.3954093,97.23692
2500,45540,3.56811,1.3952328,97.23636
2500,45600,3.5685663,1.3950562,97.23636
2500,45660,3.5690231,1.3948798,97.23522
2500,45720,3.5694804,1.3947034,97.23466
2500,45780,3.5699372,1.3945266,97.234085
2500,45840,3.570394,1.39435,97.232956
2500,45900,3.5708513,1.3941735,97.23238
2500,45960,3.5713086,1.3939972,97.23238
2500,46020,3.5717664,1.3938204,97.231255
2500,46080,3.5722232,1.3936436,97.23068
2500,46140,3.5726805,1.3934668,97.23012
2500,46200,3.5731378,1.3932899,97.22899
2500,46260,3.5735955,1.3931131,97.22842
2500,46320,3.5740528,1.3929363,97.22785
2500,46380,3.5745106,1.3927593,97.22785
2500,46440,3.5749679,1.3925825,97.226715
2500,46500,3.575426,1.3924055,97.22615
2500,46560,3.5758839,1.3922284,97.22501
2500,46620,3.5763416,1.3920513,97.22445
2500,46680,3.5768003,1.3918742,97.223885
2500,46740,3.577258,1.391697,97.223885
2500,46800,3.5777164,1.3915201,97.22275
2500,46860,3.5781736,1.391343,97.22218
2500,46920,3.5786324,1.3911656,97.22105
2500,46980,3.5790915,1.3909885,97.22048
2500,47040,3.5795498,1.3908107,97.21991
2500,47100,3.5800076,1.3906333,97.21991
2500,47160,3.5804663,1.3904561,97.21878
2500,47220,3.580925,1.3902783,97.218216
2500,47280,3.5813837,1.3901008,97.21764
2500,47340,3.5818424,1.3899233,97.216515
2500,47400,3.5823016,1.389746,97.21594
2500,47460,3.5827603,1.3895677,97.21594
2500,47520,3.5832195,1.3893906,97.21481
2500,47580,3.5836792,1.3892126,97.21424
2500,47640,3.584138,1.3890349,97.21368
2500,47700,3.584597,1.3888569,97.21254
2500,47760,3.5850568,1.3886791,97.211975
2500,47820,3.585516,1.3885012,97.21084
2500,47880,3.5859752,1.3883233,97.21084
2500,47940,3.5864353,1.3881452,97.21027
2500,48000,3.5868955,1.3879671,97.20971
2500,48060,3.5873547,1.3877889,97.20857
2500,48120,3.5878143,1.3876112,97.20801
2500,48180,3.5882745,1.3874328,97.20687
2500,48240,3.5887356,1.3872546,97.20687
2500,48300,3.5891948,1.387076,97.20631
2500,48360,3.5896559,1.3868979,97.20574
2500,48420,3.590116,1.3867196,97.204605
2500,48480,3.5905762,1.3865409,97.20404
2500,48540,3.5910373,1.3863623,97.20347
2500,48600,3.5914974,1.3861839,97.20347
2500,48660,3.591958,1.3860052,97.20234
2500,48720,3.5924187,1.3858266,97.20177
2500,48780,3.5928802,1.3856479,97.20064
2500,48840,3.5933414,1.3854692,97.200066
2500,48900,3.5938025,1.3852901,97.1995
2500,48960,3.5942636,1.3851115,97.1995
2500,49020,3.5947247,1.3849323,97.19837
2500,49080,3.5951862,1.3847535,97.1978
2500,49140,3.5956469,1.3845744,97.19667
2500,49200,3.596109,1.3843952,97.1961
2500,49260,3.5965714,1.3842162,97.19553
2500,49320,3.5970325,1.384037,97.1944
2500,49380,3.5974941,1.383858,97.1944
2500,49440,3.5979567,1.3836788,97.19383
2500,49500,3.5984187,1.3834993,97.19327
2500,49560,3.5988808,1.38332,97.19213
2500,49620,3.5993433,1.3831403,97.19157
2500,49680,3.5998054,1.382961,97.19043
2500,49740,3.6002684,1.3827811,97.19043
2500,49800,3.60073,1.3826015,97.189865
2500,49860,3.6011934,1.3824216,97.18929
2500,49920,3.6016564,1.3822421,97.18816
2500,49980,3.6021194,1.3820621,97.1876
2500,50040,3.6025825,1.3818825,97.18646
2500,50100,3.6030464,1.3817025,97.18646
2500,50160,3.6035094,1.3815228,97.1859
2500,50220,3.6039715,1.3813422,97.185326
2500,50280,3.604435,1.3811626,97.1842
2500,50340,3.604899,1.3809824,97.183624
2500,50400,3.605363,1.3808023,97.18306
2500,50460,3.6058269,1.3806219,97.18306
2500,50520,3.6062918,1.3804417,97.18192
2500,50580,3.6067553,1.3802613,97.18136
2500,50640,3.6072197,1.3800806,97.18022
2500,50700,3.6076841,1.3799,97.17966
2500,50760,3.608148,1.3797196,97.17909
2500,50820,3.608613,1.3795388,97.177956
2500,50880,3.6090784,1.3793579,97.177956
2500,50940,3.6095414,1.3791775,97.17739
2500,51000,3.6100068,1.3789965,97.176254
2500,51060,3.6104727,1.3788157,97.17569
2500,51120,3.610937,1.3786348,97.175125
2500,51180,3.6114025,1.3784537,97.17399
2500,51240,3.611868,1.3782729,97.17399
2500,51300,3.6123343,1.3780916,97.17342
2500,51360,3.6127996,1.3779105,97.17229
2500,51420,3.613265,1.377729,97.17172
2500,51480,3.613731,1.3775476,97.17115
2500,51540,3.6141973,1.3773663,97.17002
2500,51600,3.614664,1.3771853,97.17002
2500,51660,3.6151295,1.3770033,97.16945
2500,51720,3.6155968,1.376822,97.168884
2500,51780,3.616063,1.3766404,97.167755
2500,51840,3.6165285,1.3764584,97.16718
2500,51900,3.6169958,1.3762766,97.16605
2500,51960,3.617463,1.3760952,97.16548
2500,52020,3.61793,1.375913,97.16548
2500,52080,3.6183972,1.375731,97.16492
2500,52140,3.6188645,1.3755488,97.16378
2500,52200,3.6193318,1.3753668,97.163216
2500,52260,3.6198,1.3751845,97.16208
2500,52320,3.620267,1.3750026,97.161514
2500,52380,3.6207347,1.3748201,97.161514
2500,52440,3.621203,1.3746378,97.16095
2500,52500,3.6216712,1.3744552,97.15981
2500,52560,3.6221404,1.3742725,97.15925
2500,52620,3.6226077,1.3740902,97.158676
2500,52680,3.6230764,1.3739074,97.15755
2500,52740,3.6235452,1.3737246,97.15755
2500,52800,3.624014,1.3735422,97.15698
2500,52860,3.6244836,1.3733591,97.155846
2500,52920,3.6249518,1.3731762,97.15528
2500,52980,3.625421,1.3729935,97.15471
2500,53040,3.6258907,1.3728101,97.15358
2500,53100,3.6263604,1.3726275,97.15358
2500,53160,3.6268306,1.372444,97.15301
2500,53220,3.6272998,1.3722605,97.15188
2500,53280,3.6277695,1.3720776,97.151306
2500,53340,3.6282396,1.3718941,97.15074
2500,53400,3.6287103,1.3717105,97.149605
2500,53460,3.629181,1.3715266,97.14904
2500,53520,3.629652,1.3713434,97.14904
2500,53580,3.6301222,1.3711597,97.148476
2500,53640,3.6305928,1.370976,97.14734
2500,53700,3.631064,1.370792,97.146774
2500,53760,3.6315355,1.3706079,97.14564
2500,53820,3.6320052,1.3704243,97.14507
2500,53880,3.6324782,1.3702401,97.14507
2500,53940,3.6329494,1.370056,97.14451
2500,54000,3.6334205,1.3698719,97.14337
2500,54060,3.633892,1.3696876,97.14281
2500,54120,3.6343646,1.3695031,97.14167
2500,54180,3.6348367,1.3693188,97.141106
2500,54240,3.6353087,1.3691344,97.141106
2500,54300,3.6357818,1.3689499,97.14053
2500,54360,3.6362543,1.3687652,97.139404
2500,54420,3.6367273,1.3685806,97.13883
2500,54480,3.6372004,1.3683958,97.13827
2500,54540,3.6376734,1.3682109,97.13714
2500,54600,3.6381469,1.3680263,97.13714
2500,54660,3.6386209,1.3678408,97.136566
2500,54720,3.6390934,1.3676561,97.13544
2500,54780,3.6395679,1.3674707,97.134865
2500,54840,3.6400414,1.3672855,97.1343
2500,54900,3.6405153,1.3671004,97.13316
2500,54960,3.6409893,1.366915,97.1326
2500,55020,3.6414647,1.3667294,97.1326
2500,55080,3.6419387,1.3665441,97.13146
2500,55140,3.6424136,1.3663586,97.1309
2500,55200,3.6428885,1.3661727,97.13033
2500,55260,3.643363,1.3659873,97.129196
2500,55320,3.643838,1.3658015,97.12863
2500,55380,3.6443138,1.3656152,97.12863
2500,55440,3.6447897,1.3654295,97.127495
2500,55500,3.645265,1.3652436,97.12693
2500,55560,3.6457415,1.3650571,97.126366
2500,55620,3.6462173,1.3648708,97.12523
2500,55680,3.6466928,1.3646849,97.124664
2500,55740,3.6471696,1.3644985,97.124664
2500,55800,3.6476464,1.364312,97.12409
2500,55860,3.6481228,1.3641255,97.12296
2500,55920,3.6485996,1.363939,97.12239
2500,55980,3.6490774,1.3637524,97.12126
2500,56040,3.6495538,1.3635657,97.12069
2500,56100,3.650032,1.3633785,97.12069
2500,56160,3.6505094,1.3631921,97.120125
2500,56220,3.6509871,1.3630052,97.11899
2500,56280,3.6514654,1.362818,97.11842
2500,56340,3.6519423,1.3626308,97.117294
2500,56400,3.6524205,1.362444,97.11672
2500,56460,3.6528993,1.3622565,97.11616
2500,56520,3.6533785,1.3620692,97.11616
2500,56580,3.6538568,1.3618817,97.11502
2500,56640,3.6543355,1.3616942,97.114456
2500,56700,3.6548147,1.3615067,97.11389
2500,56760,3.6552944,1.3613192,97.112755
2500,56820,3.6557732,1.3611312,97.11219
2500,56880,3.6562533,1.3609436,97.11219
2500,56940,3.656733,1.3607557,97.11105
2500,57000,3.6572132,1.360568,97.11049
2500,57060,3.6576924,1.3603798,97.10992
2500,57120,3.6581736,1.3601911,97.10879
2500,57180,3.6586547,1.3600031,97.108215
2500,57240,3.6591344,1.359815,97.108215
2500,57300,3.659615,1.3596265,97.107086
2500,57360,3.6600971,1.3594383,97.10652
2500,57420,3.6605787,1.35925,97.10595
2500,57480,3.6610594,1.3590612,97.10482
2500,57540,3.6615415,1.3588727,97.10425
2500,57600,3.6620235,1.3586837,97.10368
2500,57660,3.6625047,1.3584952,97.10368
2500,57720,3.6629887,1.3583058,97.10255
2500,57780,3.6634698,1.3581171,97.10198
2500,57840,3.6639528,1.3579282,97.100845
2500,57900,3.6644354,1.3577385,97.10028
2500,57960,3.6649184,1.3575498,97.09972
2500,58020,3.6654015,1.3573605,97.09972
2500,58080,3.665884,1.3571708,97.09858
2500,58140,3.6663685,1.3569816,97.098015
2500,58200,3.6668515,1.356792,97.09688
2500,58260,3.6673365,1.3566023,97.09631
2500,58320,3.667819,1.3564126,97.09575
2500,58380,3.6683044,1.3562229,97.09575
2500,58440,3.6687884,1.3560327,97.09461
2500,58500,3.6692734,1.3558431,97.09405
2500,58560,3.6697578,1.3556532,97.09291
2500,58620,3.6702433,1.3554631,97.09235
2500,58680,3.6707282,1.355273,97.091774
2500,58740,3.6712136,1.3550828,97.091774
2500,58800,3.6716995,1.354892,97.090645
2500,58860,3.6721854,1.3547015,97.09007
2500,58920,3.6726708,1.3545114,97.08951
2500,58980,3.6731572,1.3543209,97.08837
2500,59040,3.6736436,1.3541304,97.08781
2500,59100,3.67413,1.3539394,97.08668
2500,59160,3.6746173,1.3537489,97.08668
2500,59220,3.6751046,1.3535577,97.086105
2500,59280,3.6755915,1.3533669,97.08554
2500,59340,3.6760783,1.3531758,97.084404
2500,59400,3.6765661,1.3529847,97.08384
2500,59460,3.677054,1.3527932,97.0827
2500,59520,3.6775413,1.352602,97.0827
2500,59580,3.67803,1.3524107,97.08214
2500,59640,3.6785183,1.3522193,97.08157
2500,59700,3.6790066,1.3520278,97.08044
2500,59760,3.6794944,1.3518361,97.07987
2500,59820,3.679984,1.3516444,97.0793
2500,59880,3.6804738,1.3514528,97.0793
2500,59940,3.680963,1.3512608,97.07817
2500,60000,3.6814528,1.3510687,97.0776
2500,60060,3.681943,1.3508768,97.07647
2500,60120,3.6824322,1.3506846,97.075905
2500,60180,3.6829224,1.3504927,97.07533
2500,60240,3.6834116,1.3503007,97.07533
2500,60300,3.6839027,1.3501081,97.0742
2500,60360,3.684394,1.3499156,97.07363
2500,60420,3.6848845,1.3497231,97.0725
2500,60480,3.6853762,1.3495305,97.07193
2500,60540,3.6858673,1.3493378,97.071365
2500,60600,3.6863594,1.3491453,97.07023
2500,60660,3.6868505,1.3489527,97.07023
2500,60720,3.6873422,1.34876,97.069664
2500,60780,3.6878347,1.3485668,97.06853
2500,60840,3.6883268,1.3483737,97.06796
2500,60900,3.6888194,1.3481805,97.0674
2500,60960,3.6893134,1.3479873,97.06626
2500,61020,3.689806,1.3477938,97.06626
2500,61080,3.690299,1.3476006,97.0657
2500,61140,3.6907926,1.3474067,97.06513
2500,61200,3.6912866,1.3472135,97.063995
2500,61260,3.6917796,1.3470204,97.06343
2500,61320,3.6922746,1.3468267,97.062294
2500,61380,3.6927686,1.3466325,97.062294
2500,61440,3.6932626,1.3464385,97.06173
2500,61500,3.693757,1.3462448,97.06116
2500,61560,3.694252,1.3460507,97.06003
2500,61620,3.6947474,1.3458567,97.059456
2500,61680,3.695242,1.3456625,97.05833
2500,61740,3.6957378,1.345468,97.05833
2500,61800,3.6962342,1.3452741,97.057755
2500,61860,3.6967301,1.3450799,97.05719
2500,61920,3.6972256,1.3448848,97.05606
2500,61980,3.6977224,1.3446906,97.05549
2500,62040,3.6982188,1.3444958,97.054924
2500,62100,3.6987152,1.3443015,97.05379
2500,62160,3.6992126,1.3441063,97.05379
2500,62220,3.69971,1.3439113,97.05322
2500,62280,3.7002072,1.3437166,97.052086
2500,62340,3.700705,1.3435214,97.05152
2500,62400,3.7012033,1.3433267,97.05096
2500,62460,3.7017007,1.3431312,97.04982
2500,62520,3.7021995,1.342936,97.04982
2500,62580,3.7026982,1.3427405,97.049255
2500,62640,3.7031965,1.3425453,97.04868
2500,62700,3.7036953,1.3423496,97.047554
2500,62760,3.704195,1.3421539,97.04698
2500,62820,3.7046947,1.3419583,97.04585
2500,62880,3.705194,1.3417625,97.04585
2500,62940,3.7056942,1.3415667,97.04529
2500,63000,3.706194,1.3413712,97.044716
2500,63060,3.7066932,1.341175,97.04359
2500,63120,3.7071939,1.3409791,97.043015
2500,63180,3.7076945,1.3407831,97.041885
2500,63240,3.7081952,1.3405868,97.04131
2500,63300,3.7086968,1.3403902,97.04131
2500,63360,3.7091985,1.3401939,97.04075
2500,63420,3.7096996,1.3399975,97.03961
2500,63480,3.7102008,1.3398007,97.03905
2500,63540,3.7107038,1.3396045,97.03791
2500,63600,3.711206,1.3394077,97.037346
2500,63660,3.711708,1.3392113,97.037346
2500,63720,3.7122116,1.3390144,97.03678
2500,63780,3.7127142,1.3388174,97.035645
2500,63840,3.7132177,1.3386202,97.03508
2500,63900,3.7137208,1.3384233,97.03394
2500,63960,3.7142243,1.3382257,97.03338
2500,64020,3.7147279,1.3380291,97.03338
2500,64080,3.715232,1.337832,97.032814
2500,64140,3.7157364,1.3376341,97.03168
2500,64200,3.71624,1.3374369,97.03111
2500,64260,3.7167454,1.3372394,97.03054
2500,64320,3.7172494,1.3370415,97.02941
2500,64380,3.7177553,1.336844,97.02941
2500,64440,3.7182603,1.3366464,97.02884
2500,64500,3.7187657,1.3364487,97.02771
2500,64560,3.7192721,1.3362505,97.02714
2500,64620,3.7197776,1.3360528,97.02657
2500,64680,3.720283,1.3358548,97.025444
2500,64740,3.7207904,1.3356568,97.02487
2500,64800,3.7212977,1.3354583,97.02487
2500,64860,3.7218037,1.33526,97.02431
2500,64920,3.722312,1.3350614,97.02317
2500,64980,3.7228193,1.3348633,97.022606
2500,65040,3.7233262,1.3346646,97.02147
2500,65100,3.723834,1.3344662,97.020905
2500,65160,3.7243428,1.3342673,97.020905
2500,65220,3.7248507,1.334069,97.02034
2500,65280,3.725359,1.3338699,97.0192
2500,65340,3.7258677,1.333671,97.01864
2500,65400,3.7263775,1.333472,97.0175
2500,65460,3.7268853,1.333273,97.01694
2500,65520,3.727395,1.3330737,97.01694
2500,65580,3.7279048,1.3328748,97.016365
2500,65640,3.7284145,1.3326755,97.015236
2500,65700,3.7289248,1.3324761,97.01467
2500,65760,3.729436,1.3322766,97.013535
2500,65820,3.7299457,1.3320775,97.01297
2500,65880,3.7304564,1.3318778,97.01297
2500,65940,3.7309666,1.3316782,97.0124
2500,66000,3.7314787,1.3314785,97.01127
2500,66060,3.7319903,1.3312789,97.0107
2500,66120,3.732502,1.331079,97.01013
2500,66180,3.7330136,1.330879,97.008995
2500,66240,3.7335258,1.3306789,97.00843
2500,66300,3.7340388,1.330479,97.00843
2500,66360,3.7345505,1.3302789,97.00729
2500,66420,3.735064,1.3300786,97.00673
2500,66480,3.7355766,1.3298782,97.006165
2500,66540,3.7360902,1.3296779,97.00503
2500,66600,3.7366028,1.3294775,97.00446
2500,66660,3.7371173,1.3292772,97.00446
2500,66720,3.7376308,1.3290765,97.0039
2500,66780,3.7381458,1.3288757,97.00276
2500,66840,3.7386603,1.3286753,97.0022
2500,66900,3.7391748,1.3284744,97.00106
2500,66960,3.7396898,1.3282734,97.000496
2500,67020,3.7402058,1.3280724,97.000496
2500,67080,3.7407203,1.3278713,96.99992
2500,67140,3.7412362,1.3276707,96.998795
2500,67200,3.7417512,1.3274696,96.99822
2500,67260,3.7422676,1.3272682,96.99709
2500,67320,3.7427845,1.327067,96.99652
2500,67380,3.7433,1.3268654,96.99652
2500,67440,3.7438173,1.3266641,96.99596
2500,67500,3.7443352,1.3264629,96.99483
2500,67560,3.7448516,1.3262612,96.994255
2500,67620,3.7453685,1.3260593,96.993126
2500,67680,3.7458868,1.3258581,96.99255
2500,67740,3.7464046,1.325656,96.99199
2500,67800,3.7469234,1.3254542,96.99199
2500,67860,3.7474413,1.325252,96.99085
2500,67920,3.7479606,1.3250502,96.99029
2500,67980,3.7484798,1.3248487,96.98915
2500,68040,3.7489977,1.3246465,96.98859
2500,68100,3.7495174,1.3244445,96.98802
2500,68160,3.7500372,1.3242418,96.98802
2500,68220,3.7505565,1.3240392,96.986885
2500,68280,3.7510772,1.3238372,96.98632
2500,68340,3.7515974,1.3236346,96.98575
2500,68400,3.7521176,1.3234321,96.98462
2500,68460,3.7526388,1.3232294,96.984055
2500,68520,3.753159,1.3230269,96.984055
2500,68580,3.7536802,1.3228245,96.98292
2500,68640,3.754202,1.3226215,96.98235
2500,68700,3.754724,1.3224186,96.98178
2500,68760,3.7552447,1.3222156,96.98065
2500,68820,3.7557673,1.3220124,96.98008
2500,68880,3.7562904,1.3218094,96.979515
2500,68940,3.756813,1.3216064,96.979515
2500,69000,3.7573357,1.321403,96.97838
2500,69060,3.7578592,1.3211999,96.97781
2500,69120,3.7583828,1.3209965,96.97668
2500,69180,3.758906,1.3207932,96.97611
2500,69240,3.7594295,1.3205898,96.97555
2500,69300,3.7599535,1.3203863,96.97555
2500,69360,3.760478,1.3201828,96.97441
2500,69420,3.761002,1.3199792,96.97385
2500,69480,3.761528,1.3197755,96.97271
2500,69540,3.762053,1.3195715,96.972145
2500,69600,3.762577,1.3193679,96.97158
2500,69660,3.763103,1.319164,96.97158
2500,69720,3.7636285,1.3189601,96.97044
2500,69780,3.7641544,1.3187561,96.96988
2500,69840,3.7646809,1.3185517,96.96874
2500,69900,3.7652078,1.3183475,96.96818
2500,69960,3.7657342,1.3181431,96.967606
2500,70020,3.7662601,1.3179388,96.967606
2500,70080,3.766787,1.3177346,96.96648
2500,70140,3.767315,1.3175304,96.965904
2500,70200,3.7678428,1.3173258,96.96534
2500,70260,3.768371,1.3171213,96.96421
2500,70320,3.7688985,1.3169166,96.96364
2500,70380,3.7694273,1.3167118,96.96251
2500,70440,3.7699547,1.3165077,96.96251
2500,70500,3.770484,1.3163025,96.96194
2500,70560,3.7710133,1.316098,96.96137
2500,70620,3.771542,1.3158925,96.960236
2500,70680,3.7720723,1.3156878,96.95967
2500,70740,3.7726016,1.3154826,96.958534
2500,70800,3.7731318,1.3152777,96.958534
2500,70860,3.773662,1.3150727,96.95797
2500,70920,3.7741919,1.3148675,96.957405
2500,70980,3.774722,1.314662,96.95627
2500,71040,3.7752538,1.3144567,96.9557
2500,71100,3.775784,1.3142512,96.95513
2500,71160,3.7763157,1.3140458,96.95513
2500,71220,3.7768483,1.3138405,96.954
2500,71280,3.7773795,1.3136348,96.95344
2500,71340,3.7779121,1.3134289,96.9523
2500,71400,3.7784443,1.3132234,96.95174
2500,71460,3.778976,1.3130177,96.951164
2500,71520,3.77951,1.3128117,96.951164
2500,71580,3.7800422,1.312606,96.950035
2500,71640,3.7805762,1.3124,96.94946
2500,71700,3.7811093,1.3121941,96.94833
2500,71760,3.781642,1.311988,96.94776
2500,71820,3.782177,1.3117818,96.9472
2500,71880,3.782711,1.3115757,96.94606
2500,71940,3.783245,1.3113695,96.94606
2500,72000,3.7837796,1.3111633,96.945496
2500,72060,3.784316,1.3109568,96.94436
2500,72120,3.7848501,1.3107507,96.943794
2500,72180,3.7853856,1.310544,96.94323
2500,72240,3.7859206,1.3103375,96.94209
2500,72300,3.786457,1.310131,96.94209
2500,72360,3.7869925,1.3099244,96.94153
2500,72420,3.78753,1.3097175,96.94096
2500,72480,3.7880669,1.309511,96.93983
2500,72540,3.7886028,1.3093041,96.93926
2500,72600,3.7891402,1.3090976,96.938126
2500,72660,3.7896776,1.3088906,96.938126
2500,72720,3.790215,1.3086836,96.93756
2500,72780,3.790752,1.3084763,96.93699
2500,72840,3.7912903,1.3082694,96.93586
2500,72900,3.7918286,1.308062,96.93529
2500,72960,3.7923675,1.3078549,96.93472
2500,73020,3.7929058,1.3076477,96.93472
2500,73080,3.7934446,1.3074408,96.93359
2500,73140,3.7939844,1.3072333,96.93302
2500,73200,3.7945232,1.3070259,96.93189
2500,73260,3.7950625,1.3068187,96.93132
2500,73320,3.7956033,1.306611,96.930756
2500,73380,3.7961426,1.3064035,96.92962
2500,73440,3.7966838,1.3061957,96.92962
2500,73500,3.797224,1.3059881,96.929054
2500,73560,3.7977653,1.3057805,96.92792
2500,73620,3.798306,1.3055729,96.92735
2500,73680,3.7988472,1.305365,96.92679
2500,73740,3.7993884,1.3051573,96.92565
2500,73800,3.7999306,1.3049495,96.92565
2500,73860,3.8004723,1.3047414,96.92509
2500,73920,3.801014,1.3045335,96.92395
2500,73980,3.8015566,1.3043252,96.923386
2500,74040,3.8020988,1.3041173,96.92282
2500,74100,3.8026428,1.3039093,96.921684
2500,74160,3.803186,1.303701,96.921684
2500,74220,3.8037286,1.3034924,96.92112
2500,74280,3.8042727,1.3032843,96.92055
2500,74340,3.8048167,1.3030758,96.91942
2500,74400,3.8053608,1.3028672,96.918846
2500,74460,3.8059049,1.3026594,96.91772
2500,74520,3.8064504,1.3024508,96.917145
2500,74580,3.806995,1.3022417,96.917145
2500,74640,3.8075395,1.3020332,96.91658
2500,74700,3.8080854,1.3018247,96.91544
2500,74760,3.8086295,1.301616,96.91488
2500,74820,3.8091764,1.3014076,96.91374
2500,74880,3.809722,1.3011986,96.91318
2500,74940,3.810268,1.3009899,96.91318
2500,75000,3.8108149,1.3007809,96.91261
2500,75060,3.8113618,1.3005723,96.911476
2500,75120,3.8119078,1.3003631,96.91091
2500,75180,3.8124557,1.300154,96.91035
2500,75240,3.8130026,1.2999446,96.90921
2500,75300,3.81355,1.2997358,96.90921
2500,75360,3.8140988,1.2995266,96.908646
2500,75420,3.8146467,1.2993176,96.90751
2500,75480,3.815195,1.2991084,96.906944
2500,75540,3.815743,1.298899,96.90637
2500,75600,3.8162928,1.2986897,96.90524
2500,75660,3.8168411,1.2984802,96.90524
2500,75720,3.8173904,1.2982708,96.90467
2500,75780,3.8179393,1.2980614,96.90354
2500,75840,3.8184896,1.2978519,96.90298
2500,75900,3.8190393,1.2976422,96.902405
2500,75960,3.8195896,1.2974327,96.901276
2500,76020,3.82014,1.297223,96.9007
2500,76080,3.820691,1.2970132,96.9007
2500,76140,3.8212414,1.2968036,96.90014
2500,76200,3.8217926,1.2965935,96.899
2500,76260,3.8223438,1.2963839,96.89844
2500,76320,3.8228955,1.296174,96.8973
2500,76380,3.8234472,1.2959642,96.896736
2500,76440,3.823999,1.2957544,96.896736
2500,76500,3.824552,1.2955443,96.8956
2500,76560,3.8251038,1.2953342,96.895035
2500,76620,3.8256578,1.2951243,96.89447
2500,76680,3.826209,1.2949141,96.89333
2500,76740,3.8267627,1.294704,96.89277
2500,76800,3.8273158,1.2944938,96.89277
2500,76860,3.82787,1.2942835,96.892204
2500,76920,3.828424,1.2940732,96.89107
2500,76980,3.8289776,1.2938629,96.8905
2500,77040,3.8295317,1.2936527,96.889366
2500,77100,3.8300872,1.2934424,96.8888
2500,77160,3.8306417,1.2932318,96.8888
2500,77220,3.8311968,1.2930214,96.88823
2500,77280,3.8317518,1.2928108,96.8871
2500,77340,3.8323069,1.2926,96.88653
2500,77400,3.8328629,1.29239,96.88596
2500,77460,3.833418,1.2921793,96.88483
2500,77520,3.8339748,1.2919686,96.88426
2500,77580,3.8345318,1.2917576,96.88426
2500,77640,3.8350887,1.291547,96.88313
2500,77700,3.8356438,1.2913363,96.88256
2500,77760,3.8362017,1.2911254,96.881996
2500,77820,3.8367586,1.2909149,96.88086
2500,77880,3.8373175,1.2907037,96.880295
2500,77940,3.837875,1.2904929,96.880295
2500,78000,3.8384333,1.2902819,96.87916
2500,78060,3.8389916,1.2900708,96.87859
2500,78120,3.839549,1.2898598,96.87803
2500,78180,3.8401074,1.2896488,96.87689
2500,78240,3.8406668,1.2894375,96.87633
2500,78300,3.841226,1.2892268,96.87633
2500,78360,3.8417854,1.2890155,96.875755
2500,78420,3.8423452,1.288804,96.874626
2500,78480,3.842905,1.2885932,96.874054
2500,78540,3.8434649,1.2883818,96.872925
2500,78600,3.8440251,1.2881706,96.87236
2500,78660,3.844586,1.2879593,96.87236
2500,78720,3.8451462,1.2877479,96.87179
2500,78780,3.845707,1.2875363,96.87066
2500,78840,3.8462691,1.2873248,96.87009
2500,78900,3.8468304,1.2871134,96.86896
2500,78960,3.8473902,1.286902,96.868385
2500,79020,3.8479528,1.2866904,96.86782
2500,79080,3.8485146,1.2864789,96.86782
2500,79140,3.8490777,1.2862675,96.866684
2500,79200,3.8496404,1.2860557,96.86612
2500,79260,3.850203,1.2858443,96.865555
2500,79320,3.8507652,1.2856321,96.86442
2500,79380,3.8513288,1.2854209,96.86385
2500,79440,3.8518925,1.285209,96.86385
2500,79500,3.852456,1.2849972,96.86272
2500,79560,3.8530202,1.2847854,96.86215
2500,79620,3.8535838,1.2845737,96.86159
2500,79680,3.854148,1.2843617,96.86045
2500,79740,3.8547125,1.2841499,96.859886
2500,79800,3.855278,1.2839375,96.859886
2500,79860,3.855842,1.2837257,96.85875
2500,79920,3.8564076,1.2835138,96.858185
2500,79980,3.8569741,1.2833018,96.85761
2500,80040,3.8575392,1.2830898,96.85648
2500,80100,3.8581042,1.2828782,96.85591
2500,80160,3.8586717,1.2826657,96.85478
2500,80220,3.8592367,1.2824535,96.85478
2500,80280,3.8598032,1.2822415,96.85421
2500,80340,3.8603706,1.2820289,96.853645
2500,80400,3.8609366,1.281817,96.85251
2500,80460,3.861505,1.2816046,96.851944
2500,80520,3.8620725,1.2813926,96.85138
2500,80580,3.8626394,1.28118,96.85138
2500,80640,3.8632078,1.280968,96.85024
2500,80700,3.8637753,1.2807556,96.84968
2500,80760,3.8643436,1.2805433,96.84854
2500,80820,3.8649125,1.280331,96.84798
2500,80880,3.865481,1.2801186,96.84741
2500,80940,3.8660498,1.2799059,96.84741
2500,81000,3.8666196,1.2796934,96.846275
2500,81060,3.8671885,1.2794812,96.84571
2500,81120,3.8677592,1.2792686,96.844574
2500,81180,3.868328,1.2790562,96.84401
2500,81240,3.868898,1.2788436,96.84344
2500,81300,3.8694682,1.2786309,96.84344
2500,81360,3.870038,1.2784185,96.84231
2500,81420,3.8706093,1.2782056,96.84174
2500,81480,3.87118,1.2779932,96.84117
2500,81540,3.8717523,1.2777804,96.84004
2500,81600,3.872323,1.2775676,96.83947
2500,81660,3.8728943,1.2773548,96.83834
2500,81720,3.873466,1.2771419,96.83834
2500,81780,3.8740382,1.2769295,96.83777
2500,81840,3.8746104,1.2767168,96.837204
2500,81900,3.8751826,1.2765039,96.83607
2500,81960,3.8757548,1.2762909,96.8355
2500,82020,3.876328,1.2760782,96.834366
2500,82080,3.8769011,1.2758652,96.834366
2500,82140,3.8774753,1.2756524,96.8338
2500,82200,3.8780484,1.2754394,96.83324
2500,82260,3.878622,1.2752267,96.8321
2500,82320,3.8791962,1.2750138,96.831535
2500,82380,3.8797698,1.2748007,96.83097
2500,82440,3.880344,1.2745879,96.83097
2500,82500,3.880919,1.274375,96.829834
2500,82560,3.881493,1.2741619,96.82927
2500,82620,3.8820686,1.2739488,96.82813
2500,82680,3.8826447,1.2737358,96.82757
2500,82740,3.8832192,1.2735227,96.826996
2500,82800,3.8837957,1.2733092,96.826996
2500,82860,3.8843703,1.2730962,96.82587
2500,82920,3.8849478,1.2728835,96.825294
2500,82980,3.8855228,1.2726701,96.824165
2500,83040,3.8860998,1.272457,96.82359
2500,83100,3.8866758,1.2722437,96.82303
2500,83160,3.8872533,1.2720307,96.8219
2500,83220,3.8878312,1.2718172,96.8219
2500,83280,3.8884077,1.2716042,96.82133
2500,83340,3.888986,1.2713908,96.8202
2500,83400,3.889563,1.2711774,96.819626
2500,83460,3.890141,1.2709644,96.81906
2500,83520,3.89072,1.270751,96.817924
2500,83580,3.8912978,1.270538,96.817924
2500,83640,3.8918757,1.2703246,96.81736
2500,83700,3.8924556,1.2701112,96.816795
2500,83760,3.8930354,1.2698979,96.81566
2500,83820,3.8936138,1.2696843,96.815094
2500,83880,3.8941932,1.2694712,96.81396
2500,83940,3.894772,1.2692581,96.81396
2500,84000,3.8953538,1.2690442,96.81339
2500,84060,3.8959322,1.2688309,96.81282
2500,84120,3.8965135,1.2686174,96.81169
2500,84180,3.8970938,1.2684038,96.81113
2500,84240,3.8976746,1.2681904,96.80999
2500,84300,3.8982549,1.267977,96.809425
2500,84360,3.8988361,1.2677639,96.809425
2500,84420,3.8994174,1.2675502,96.80885
2500,84480,3.8999987,1.2673368,96.807724
2500,84540,3.900581,1.2671235,96.80715
2500,84600,3.9011621,1.2669098,96.80659
2500,84660,3.9017453,1.2666965,96.80545
2500,84720,3.902327,1.2664827,96.80545
2500,84780,3.9029093,1.2662696,96.804886
2500,84840,3.903493,1.2660555,96.80375
2500,84900,3.9040756,1.2658417,96.803185
2500,84960,3.9046593,1.2656286,96.80262
2500,85020,3.9052415,1.265415,96.80148
2500,85080,3.9058256,1.265201,96.80148
2500,85140,3.9064102,1.2649877,96.80092
2500,85200,3.906993,1.2647742,96.79978
2500,85260,3.907577,1.2645602,96.79922
2500,85320,3.908162,1.264347,96.79865
2500,85380,3.9087472,1.2641331,96.797516
2500,85440,3.9093313,1.2639196,96.797516
2500,85500,3.9099164,1.2637057,96.79695
2500,85560,3.9105015,1.263492,96.79638
2500,85620,3.911087,1.2632785,96.79525
2500,85680,3.911673,1.2630649,96.79468
2500,85740,3.9122586,1.2628511,96.79355
2500,85800,3.9128447,1.2626376,96.79298
2500,85860,3.9134302,1.2624239,96.79298
2500,85920,3.9140177,1.2622101,96.79241
2500,85980,3.9146037,1.2619967,96.791275
2500,86040,3.9151902,1.2617828,96.79071
2500,86100,3.9157767,1.2615689,96.78958
2500,86160,3.9163651,1.2613554,96.78901
2500,86220,3.9169517,1.2611417,96.78901
2500,86280,3.91754,1.260928,96.788445
2500,86340,3.9181275,1.2607143,96.78731
2500,86400,3.9187155,1.2605003,96.78674
